mac,x,y,z
04:99:bb:d8:6e:2e,0.4236244261264801,0.5683341026306152,0.12875205278396606
