mac,x,y,z
04:99:bb:d8:6e:2e,0.6422715783119202,0.7240852117538452,0.7347182631492615
