mac,x,y,z
04:99:bb:d8:6e:2e,0.8591206073760986,0.5729000568389893,-0.4456470310688019
