mac,x,y,z
04:99:bb:d8:6e:2e,0.8650795817375183,0.6984549760818481,-0.3496251702308655
