mac,x,y,z
04:99:bb:d8:6e:2e,-1.6234562397003174,0.9569988250732422,-0.037628233432769775
