mac,x,y,z
04:99:bb:d8:6e:2e,0.9662529230117798,0.7515068054199219,0.563496470451355
