mac,x,y,z
04:99:bb:d8:6e:2e,-0.6792883276939392,0.5189943313598633,-0.9608030915260315
