mac,x,y,z
04:99:bb:d8:6e:2e,-1.2830681800842285,0.7252864837646484,1.0468380451202393
