mac,x,y,z
04:99:bb:d8:6e:2e,0.7241065502166748,0.6977694034576416,0.8169713020324707
