mac,x,y,z
04:99:bb:d8:6e:2e,-0.4790627956390381,0.57077956199646,-0.8048523664474487
