mac,x,y,z
04:99:bb:d8:6e:2e,1.1371982097625732,1.5595042705535889,0.3557974696159363
