mac,x,y,z
04:99:bb:d8:6e:2e,-0.29269909858703613,0.7244346737861633,0.6586169004440308
