mac,x,y,z
04:99:bb:d8:6e:2e,1.193842887878418,0.706421971321106,0.3116046190261841
