mac,x,y,z
04:99:bb:d8:6e:2e,0.9099112153053284,0.8569263219833374,-0.23967868089675903
