mac,x,y,z
04:99:bb:d8:6e:2e,0.42878517508506775,0.515754759311676,0.1704941987991333
