mac,x,y,z
04:99:bb:d8:6e:2e,0.881718635559082,0.579491376876831,-0.4288322925567627
