mac,x,y,z
04:99:bb:d8:6e:2e,-0.6000668406486511,0.9410370588302612,0.5053631663322449
