mac,x,y,z
04:99:bb:d8:6e:2e,0.13317349553108215,0.5016213059425354,1.2617446184158325
