mac,x,y,z
04:99:bb:d8:6e:2e,-0.7264856696128845,0.9216090440750122,0.46602821350097656
