mac,x,y,z
04:99:bb:d8:6e:2e,-1.0139915943145752,0.7685617804527283,-0.3507078289985657
