mac,x,y,z
04:99:bb:d8:6e:2e,-0.665456235408783,0.7499172687530518,0.3181626796722412
