mac,x,y,z
04:99:bb:d8:6e:2e,0.31222283840179443,0.738493025302887,-1.1202435493469238
