mac,x,y,z
04:99:bb:d8:6e:2e,-0.15473467111587524,1.593572974205017,0.851654589176178
