mac,x,y,z
04:99:bb:d8:6e:2e,-0.1914306879043579,1.9619126319885254,1.6454966068267822
