mac,x,y,z
04:99:bb:d8:6e:2e,1.4277403354644775,1.9429066181182861,1.816497564315796
