mac,x,y,z
04:99:bb:d8:6e:2e,1.4069054126739502,1.9314398765563965,-0.6469212174415588
