mac,x,y,z
04:99:bb:d8:6e:2e,-0.033432841300964355,0.6469961404800415,0.7264001369476318
