mac,x,y,z
04:99:bb:d8:6e:2e,0.5557005405426025,0.6910935044288635,0.7483649253845215
